position,gene,effect,impact
1521,thrA,synonymous_variant,LOW
1612,thrA,missense_variant,MODERATE
9092,talB,missense_variant,MODERATE
9972,yaaH,missense_variant,MODERATE
10563,yaaA,upstream_gene_variant,MODIFIER
22257,ECB_00022,missense_variant,MODERATE
38971,caiB,upstream_gene_variant,MODIFIER
42306,caiE,upstream_gene_variant,MODIFIER
45277,caiT,missense_variant,MODERATE
56613,ksgA,missense_variant,MODERATE
62118,djlA,missense_variant,MODERATE
64042,hepA,missense_variant,MODERATE
78808,yabN,synonymous_variant,LOW
80113,yabJ,upstream_gene_variant,MODIFIER
81158,setA,missense_variant,MODERATE
87462,leuO,synonymous_variant,LOW
94370,ftsI,missense_variant,MODERATE
98286,murF,missense_variant,MODERATE
98404,murF,synonymous_variant,LOW
105581,ddlB,stop_gained,HIGH
124045,aroP,missense_variant,MODERATE
125741,nadC,upstream_gene_variant,MODIFIER
140180,cueO,missense_variant,MODERATE
146944,yadH,missense_variant,MODERATE
159875,yadL,upstream_gene_variant,MODIFIER
166078,hrpB,missense_variant,MODERATE
171422,fhuA,missense_variant,MODERATE
180502,hemL,upstream_gene_variant,MODIFIER
184752,degP,missense_variant,MODERATE
189171,glnD,synonymous_variant,LOW
191724,map,missense_variant,MODERATE
213751,ldcC,missense_variant,MODERATE
216480,yaeQ,upstream_gene_variant,MODIFIER
235408,yafE,missense_variant,MODERATE
235496,yafC,upstream_gene_variant,MODIFIER
241885,insB-2,missense_variant,MODERATE
241950,insB-2,missense_variant,MODERATE
247796,fadE,missense_variant,MODERATE
263235,insB-3,missense_variant,MODERATE
276145,yagW,synonymous_variant,LOW
281923,yagW,upstream_gene_variant,MODIFIER
299195,betA,synonymous_variant,LOW
306404,yahB,missense_variant,MODERATE
326689,prpE,missense_variant,MODERATE
337563,lacZ,stop_gained,HIGH
338770,lacZ,missense_variant,MODERATE
357611,yaiO,upstream_gene_variant,MODIFIER
365047,sbmA,missense_variant,MODERATE
369026,yaiY,upstream_gene_variant,MODIFIER
371056,psiF,missense_variant,MODERATE
373014,proC,missense_variant,MODERATE
376267,proC,upstream_gene_variant,MODIFIER
388160,brnQ,synonymous_variant,LOW
398061,secF,missense_variant,MODERATE
412637,apbA,missense_variant,MODERATE
417363,ECB_00378,missense_variant,MODERATE
426451,tig,missense_variant,MODERATE
430835,insL-2,upstream_gene_variant,MODIFIER
433561,hupB,missense_variant,MODERATE
447290,tesB,upstream_gene_variant,MODIFIER
448431,ybaZ,missense_variant,MODERATE
449902,ylaB,synonymous_variant,LOW
461169,kefA,missense_variant,MODERATE
462346,acrA,upstream_gene_variant,MODIFIER
466727,recR,missense_variant,MODERATE
480856,fsr,upstream_gene_variant,MODIFIER
488116,ybbL,synonymous_variant,LOW
491445,tesA,synonymous_variant,LOW
495557,rhsD,missense_variant,MODERATE
500697,ylbH,synonymous_variant,LOW
511535,allB,missense_variant,MODERATE
511618,allB,synonymous_variant,LOW
522180,ylbF,missense_variant,MODERATE
621324,ahpC,missense_variant,MODERATE
622005,ahpF,missense_variant,MODERATE
626937,rna,missense_variant,MODERATE
627610,citT,missense_variant,MODERATE
630279,citF,synonymous_variant,LOW
631472,citF,missense_variant,MODERATE
635244,citA,missense_variant,MODERATE
642275,lipA,synonymous_variant,LOW
648692,mrdB,missense_variant,MODERATE
668391,gltI,missense_variant,MODERATE
670500,ECB_00624,missense_variant,MODERATE
679395,ybeY,upstream_gene_variant,MODIFIER
680606,asnB,missense_variant,MODERATE
683034,nagC,missense_variant,MODERATE
690853,ybfM,missense_variant,MODERATE
692880,fur,upstream_gene_variant,MODIFIER
698396,ybfGH,synonymous_variant,LOW
703284,kdpE,missense_variant,MODERATE
703730,kdpE,synonymous_variant,LOW
706523,kdpC,synonymous_variant,LOW
710344,kdpA,missense_variant,MODERATE
712463,rhsC,missense_variant,MODERATE
713294,rhsC,missense_variant,MODERATE
721872,ybgH,synonymous_variant,LOW
722645,ybgH,missense_variant,MODERATE
723042,ybgH,synonymous_variant,LOW
723449,ybgH,upstream_gene_variant,MODIFIER
730596,ybgQ,missense_variant,MODERATE
731936,ybgQ,missense_variant,MODERATE
734488,gltA,missense_variant,MODERATE
734890,gltA,missense_variant,MODERATE
735775,ybgQ,upstream_gene_variant,MODIFIER
746323,farR,synonymous_variant,LOW
764493,pnuC,synonymous_variant,LOW
765234,ybgR,synonymous_variant,LOW
767233,aroG,synonymous_variant,LOW
767369,ybgR,upstream_gene_variant,MODIFIER
768258,ybgR,upstream_gene_variant,MODIFIER
771216,galT,missense_variant,MODERATE
788390,ECB_00726,synonymous_variant,LOW
804446,bioC,missense_variant,MODERATE
817224,ybhN,upstream_gene_variant,MODIFIER
817276,ybhQ,missense_variant,MODERATE
819594,ybhS,missense_variant,MODERATE
821131,ybhF,missense_variant,MODERATE
822389,ybhG,missense_variant,MODERATE
828156,ybiB,missense_variant,MODERATE
829428,ybiC,synonymous_variant,LOW
830245,ybiA,upstream_gene_variant,MODIFIER
831556,ybiX,missense_variant,MODERATE
845650,dps,upstream_gene_variant,MODIFIER
849483,ybiT,missense_variant,MODERATE
863736,yliC,missense_variant,MODERATE
865093,yliD,missense_variant,MODERATE
878314,ybjI,missense_variant,MODERATE
879705,ybjJ,missense_variant,MODERATE
887754,ECB_00825,synonymous_variant,LOW
888061,ECB_00825,missense_variant,MODERATE
890217,ECB_00830,missense_variant,MODERATE
894198,ECB_00833,synonymous_variant,LOW
904606,tfaE,upstream_gene_variant,MODIFIER
906793,tfaE,upstream_gene_variant,MODIFIER
914244,potI,missense_variant,MODERATE
918446,artQ,missense_variant,MODERATE
920378,artP,missense_variant,MODERATE
934305,ybjD,missense_variant,MODERATE
942624,cspD,upstream_gene_variant,MODIFIER
943475,infA,missense_variant,MODERATE
946481,cydD,missense_variant,MODERATE
958894,dmsA,synonymous_variant,LOW
976463,aroA,missense_variant,MODERATE
981097,himD,missense_variant,MODERATE
983049,ycaI,synonymous_variant,LOW
983164,ycaI,missense_variant,MODERATE
993982,mukB,missense_variant,MODERATE
997800,mukB,synonymous_variant,LOW
1001295,ycbL,missense_variant,MODERATE
1004451,aspC,upstream_gene_variant,MODIFIER
1007295,pncB,synonymous_variant,LOW
1012717,ssuD,synonymous_variant,LOW
1019279,ycbT,missense_variant,MODERATE
1026088,ycbY,missense_variant,MODERATE
1032324,ymbA,missense_variant,MODERATE
1040240,yccS,synonymous_variant,LOW
1060067,yccC,missense_variant,MODERATE
1062372,yccZ,missense_variant,MODERATE
1063259,ymcA,missense_variant,MODERATE
1065382,ymcB,missense_variant,MODERATE
1074239,torR,synonymous_variant,LOW
1082646,agp,missense_variant,MODERATE
1082799,agp,missense_variant,MODERATE
1085185,ycdG,synonymous_variant,LOW
1096751,putP,missense_variant,MODERATE
1102367,ycdN,downstream_gene_variant,MODIFIER
1107611,ycdS,missense_variant,MODERATE
1110744,insF-1,missense_variant,MODERATE
1113198,ycdW,synonymous_variant,LOW
1115003,ycdZ,missense_variant,MODERATE
1115942,csgG,synonymous_variant,LOW
1115970,csgG,missense_variant,MODERATE
1116271,insF-1,upstream_gene_variant,MODIFIER
1118258,csgG,upstream_gene_variant,MODIFIER
1122642,mdoC,missense_variant,MODERATE
1123337,mdoC,synonymous_variant,LOW
1133570,yceJ,missense_variant,MODERATE
1141641,mviM,synonymous_variant,LOW
1148998,flgF,missense_variant,MODERATE
1149234,flgN,upstream_gene_variant,MODIFIER
1149407,flgG,missense_variant,MODERATE
1149750,flgG,synonymous_variant,LOW
1152346,flgJ,missense_variant,MODERATE
1152376,flgJ,missense_variant,MODERATE
1157397,rne,missense_variant,MODERATE
1166938,fabF,missense_variant,MODERATE
1169251,yceG,missense_variant,MODERATE
1170638,holB,missense_variant,MODERATE
1171113,holB,synonymous_variant,LOW
1174705,fhuE,synonymous_variant,LOW
1186699,mfd,missense_variant,MODERATE
1187366,mfd,synonymous_variant,LOW
1192913,ycfW,synonymous_variant,LOW
1193219,mfd,upstream_gene_variant,MODIFIER
1218136,ycgG,synonymous_variant,LOW
1227598,ycgK,synonymous_variant,LOW
1238938,dadA,synonymous_variant,LOW
1248603,dhaM,missense_variant,MODERATE
1272099,ldrA,upstream_gene_variant,MODIFIER
1276684,narX,missense_variant,MODERATE
1294860,adhE,synonymous_variant,LOW
1295877,adhE,synonymous_variant,LOW
1305452,cls,missense_variant,MODERATE
1307171,kch,synonymous_variant,LOW
1322001,yciO,missense_variant,MODERATE
1324501,trpE,upstream_gene_variant,MODIFIER
1328687,sohB,synonymous_variant,LOW
1329354,btuR,upstream_gene_variant,MODIFIER
1330360,topA,missense_variant,MODERATE
1331794,topA,missense_variant,MODERATE
1336067,acnA,missense_variant,MODERATE
1339424,yciM,synonymous_variant,LOW
1357824,sapC,upstream_gene_variant,MODIFIER
1364103,goaG,synonymous_variant,LOW
1373806,ycjQ,missense_variant,MODERATE
1374685,ycjR,missense_variant,MODERATE
1392780,mppA,synonymous_variant,LOW
1404452,ydaM,missense_variant,MODERATE
1407377,dbpA,stop_gained,HIGH
1414361,recE,missense_variant,MODERATE
1426142,pinR,upstream_gene_variant,MODIFIER
1465314,hokB,upstream_gene_variant,MODIFIER
1494411,yncE,missense_variant,MODERATE
1499286,ECB_01413,synonymous_variant,LOW
1511178,narW,missense_variant,MODERATE
1514507,narZ,synonymous_variant,LOW
1522006,fdnG,synonymous_variant,LOW
1532269,yddP,synonymous_variant,LOW
1533135,yddQ,synonymous_variant,LOW
1538688,dos,synonymous_variant,LOW
1545254,gadB,missense_variant,MODERATE
1554433,ydeM,synonymous_variant,LOW
1561513,ydeQ,missense_variant,MODERATE
1566509,ydeQ,upstream_gene_variant,MODIFIER
1583771,yneK,synonymous_variant,LOW
1587505,marA,stop_gained,HIGH
1588307,eamA,synonymous_variant,LOW
1588640,eamA,synonymous_variant,LOW
1591928,ydeI,synonymous_variant,LOW
1592323,eamA,upstream_gene_variant,MODIFIER
1596202,ydfH,synonymous_variant,LOW
1608116,insE-3,synonymous_variant,LOW
1616943,ydfQ-2,upstream_gene_variant,MODIFIER
1619798,ECB_01523,upstream_gene_variant,MODIFIER
1621317,ECB_01528,upstream_gene_variant,MODIFIER
1633588,speG,synonymous_variant,LOW
1644789,mlc,missense_variant,MODERATE
1653956,pntA,synonymous_variant,LOW
1655572,ydgF,upstream_gene_variant,MODIFIER
1678399,malY,synonymous_variant,LOW
1684715,rnfC,synonymous_variant,LOW
1690648,ydgR,missense_variant,MODERATE
1695028,pdxH,synonymous_variant,LOW
1695658,pdxY,upstream_gene_variant,MODIFIER
1700108,ydhK,stop_gained,HIGH
1706889,lhr,synonymous_variant,LOW
1707832,lhr,missense_variant,MODERATE
1707992,lhr,missense_variant,MODERATE
1714708,ydhD,upstream_gene_variant,MODIFIER
1717659,ydhC,missense_variant,MODERATE
1722253,ydhQ,missense_variant,MODERATE
1728925,ydhW,missense_variant,MODERATE
1733343,pykF,missense_variant,MODERATE
1733601,pykF,missense_variant,MODERATE
1735484,ynhG,missense_variant,MODERATE
1736604,sufS,missense_variant,MODERATE
1742530,ydiI,missense_variant,MODERATE
1748882,ydiJ,upstream_gene_variant,MODIFIER
1750039,ydiN,missense_variant,MODERATE
1750149,ydiN,synonymous_variant,LOW
1766706,aroH,missense_variant,MODERATE
1780813,pheS,upstream_gene_variant,MODIFIER
1798872,celA,missense_variant,MODERATE
1805276,astB,synonymous_variant,LOW
1817707,ynjE,missense_variant,MODERATE
1818501,ynjF,missense_variant,MODERATE
1822930,topB,missense_variant,MODERATE
1838393,ydjL,missense_variant,MODERATE
1854798,ECB_01757,upstream_gene_variant,MODIFIER
1876656,sdaA,missense_variant,MODERATE
1882713,manZ,synonymous_variant,LOW
1885487,rrmA,synonymous_variant,LOW
1885847,cspC,synonymous_variant,LOW
1889404,yebQ,synonymous_variant,LOW
1895196,yebS,missense_variant,MODERATE
1900282,yebV,upstream_gene_variant,MODIFIER
1902731,yebZ,missense_variant,MODERATE
1910193,purT,missense_variant,MODERATE
1917089,pykA,missense_variant,MODERATE
1936045,torY,synonymous_variant,LOW
1947570,cheR,missense_variant,MODERATE
1948732,tap,synonymous_variant,LOW
1953772,cheA,missense_variant,MODERATE
1953970,cheA,missense_variant,MODERATE
1960058,otsB,synonymous_variant,LOW
1960359,otsB,missense_variant,MODERATE
1976788,yedW,missense_variant,MODERATE
2007865,ECB_01906,missense_variant,MODERATE
2009215,insD,upstream_gene_variant,MODIFIER
2012737,dacD,missense_variant,MODERATE
2018664,yeeY,missense_variant,MODERATE
2021697,hisD,missense_variant,MODERATE
2055878,cpsG,synonymous_variant,LOW
2055881,cpsG,synonymous_variant,LOW
2075053,dcd,synonymous_variant,LOW
2084671,yegK,missense_variant,MODERATE
2131844,fbaB,missense_variant,MODERATE
2132237,fbaB,missense_variant,MODERATE
2135132,yegU,synonymous_variant,LOW
2162780,yehR,synonymous_variant,LOW
2166182,yehV,synonymous_variant,LOW
2167011,yehW,synonymous_variant,LOW
2188152,mglC,synonymous_variant,LOW
2191094,mglB,stop_gained,HIGH
2196365,cirA,missense_variant,MODERATE
2197386,cirA,missense_variant,MODERATE
2198299,yeiB,upstream_gene_variant,MODIFIER
2200070,yeiE,missense_variant,MODERATE
2207851,yeiM,synonymous_variant,LOW
2216447,yeiW,missense_variant,MODERATE
2221597,spr,missense_variant,MODERATE
2222769,rtn,missense_variant,MODERATE
2230442,bcr,synonymous_variant,LOW
2235030,yejK,missense_variant,MODERATE
2244525,ccmF,synonymous_variant,LOW
2248449,napB,missense_variant,MODERATE
2265986,rcsC,synonymous_variant,LOW
2271283,atoA,missense_variant,MODERATE
2275388,yfaQ,synonymous_variant,LOW
2277269,yfaS,synonymous_variant,LOW
2283856,gyrA,synonymous_variant,LOW
2288549,yfaL,missense_variant,MODERATE
2290361,yfaL,missense_variant,MODERATE
2293568,nrdA,synonymous_variant,LOW
2304987,yfaU,synonymous_variant,LOW
2316485,yfbG,missense_variant,MODERATE
2319260,yfbW,missense_variant,MODERATE
2321769,menC,missense_variant,MODERATE
2346387,nuoC,synonymous_variant,LOW
2348395,nuoA,missense_variant,MODERATE
2351655,yfbQ,synonymous_variant,LOW
2358817,pta,missense_variant,MODERATE
2363952,yfcF,synonymous_variant,LOW
2374708,dedD,missense_variant,MODERATE
2379466,usg,missense_variant,MODERATE
2389645,mepA,missense_variant,MODERATE
2389878,mepA,missense_variant,MODERATE
2393070,yfcO,synonymous_variant,LOW
2406239,fadL,missense_variant,MODERATE
2412327,dsdX,missense_variant,MODERATE
2412783,dsdX,missense_variant,MODERATE
2424819,yfdU,synonymous_variant,LOW
2427998,yfdX,missense_variant,MODERATE
2430565,ddg,missense_variant,MODERATE
2433061,ypdA,missense_variant,MODERATE
2440555,ypdF,synonymous_variant,LOW
2446984,ypdG,upstream_gene_variant,MODIFIER
2450517,yfeA,synonymous_variant,LOW
2452375,gltX,missense_variant,MODERATE
2457654,ligA,missense_variant,MODERATE
2483043,yffI,missense_variant,MODERATE
2484358,eutC,synonymous_variant,LOW
2484978,eutB,synonymous_variant,LOW
2491484,eutE,missense_variant,MODERATE
2493004,cchA,synonymous_variant,LOW
2493463,eutI,missense_variant,MODERATE
2499317,eutI,upstream_gene_variant,MODIFIER
2517303,ypfJ,missense_variant,MODERATE
2523314,hyfB,synonymous_variant,LOW
2524481,hyfB,synonymous_variant,LOW
2540524,uraA,missense_variant,MODERATE
2542070,purM,synonymous_variant,LOW
2545772,ppk,missense_variant,MODERATE
2558409,yfgL,missense_variant,MODERATE
2567577,pbpC,missense_variant,MODERATE
2569859,yfhM,missense_variant,MODERATE
2570083,yfhM,synonymous_variant,LOW
2576255,pepB,missense_variant,MODERATE
2578814,hscA,missense_variant,MODERATE
2583071,hscA,upstream_gene_variant,MODIFIER
2585563,yfhR,missense_variant,MODERATE
2590715,hcaE,missense_variant,MODERATE
2594448,yphA,missense_variant,MODERATE
2597401,yphD,missense_variant,MODERATE
2598446,yphE,synonymous_variant,LOW
2598869,yphE,synonymous_variant,LOW
2603140,yphG,missense_variant,MODERATE
2607090,hmpA,missense_variant,MODERATE
2616662,yfhK,upstream_gene_variant,MODIFIER
2616778,yfhK,upstream_gene_variant,MODIFIER
2629794,rseB,missense_variant,MODERATE
2639449,yfiF,synonymous_variant,LOW
2654896,clpB,missense_variant,MODERATE
2655111,clpB,synonymous_variant,LOW
2658918,clpB,upstream_gene_variant,MODIFIER
2659827,pheA,missense_variant,MODERATE
2663511,yfiR,missense_variant,MODERATE
2664660,yfiN,missense_variant,MODERATE
2665639,rplS,missense_variant,MODERATE
2667428,rpsP,missense_variant,MODERATE
2674244,recN,synonymous_variant,LOW
2697224,nrdE,synonymous_variant,LOW
2701601,proW,synonymous_variant,LOW
2703592,ygaXY,missense_variant,MODERATE
2706032,emrR,missense_variant,MODERATE
2709839,gshA,missense_variant,MODERATE
2716283,alaS,synonymous_variant,LOW
2723460,recA,upstream_gene_variant,MODIFIER
2724782,gutQ,missense_variant,MODERATE
2726933,ygaA,missense_variant,MODERATE
2729399,ygbD,missense_variant,MODERATE
2740297,hycE,synonymous_variant,LOW
2747391,hypD,synonymous_variant,LOW
2749219,fhlA,missense_variant,MODERATE
2753451,mutS,missense_variant,MODERATE
2753768,mutS,stop_gained,HIGH
2769294,cysN,synonymous_variant,LOW
2769581,cysN,missense_variant,MODERATE
2771282,ispF,upstream_gene_variant,MODIFIER
2780858,ygcM,missense_variant,MODERATE
2781436,ygcN,missense_variant,MODERATE
2781587,ygcN,missense_variant,MODERATE
2787379,ygcU,synonymous_variant,LOW
2789588,yqcE,missense_variant,MODERATE
2790151,yqcE,missense_variant,MODERATE
2790343,yqcE,missense_variant,MODERATE
2812552,yqcB,synonymous_variant,LOW
2812878,yqcC,synonymous_variant,LOW
2820506,xni,missense_variant,MODERATE
2828591,ECB_02652,synonymous_variant,LOW
2830053,ECB_02649,upstream_gene_variant,MODIFIER
2843036,amiC,synonymous_variant,LOW
2853806,recC,missense_variant,MODERATE
2870212,aas,synonymous_variant,LOW
2923043,recJ,missense_variant,MODERATE
2932058,gcvP,synonymous_variant,LOW
2935321,ygfF,upstream_gene_variant,MODIFIER
2937844,visC,synonymous_variant,LOW
2937968,visC,missense_variant,MODERATE
2938800,ubiH,missense_variant,MODERATE
2957538,pgk,missense_variant,MODERATE
2959717,yggB,upstream_gene_variant,MODIFIER
2977018,yggJ,missense_variant,MODERATE
2999330,speC,upstream_gene_variant,MODIFIER
3001543,flu,synonymous_variant,LOW
3003744,yeeR,missense_variant,MODERATE
3036875,ECB_02837,synonymous_variant,LOW
3037295,ECB_02838,missense_variant,MODERATE
3038245,ECB_02838,synonymous_variant,LOW
3045831,yghJ,missense_variant,MODERATE
3050407,glcB,synonymous_variant,LOW
3051321,glcF,missense_variant,MODERATE
3054123,glcD,missense_variant,MODERATE
3055043,glcB,upstream_gene_variant,MODIFIER
3058629,ECB_02851,synonymous_variant,LOW
3061822,ECB_02855,synonymous_variant,LOW
3061923,ECB_02855,missense_variant,MODERATE
3069644,pitB,missense_variant,MODERATE
3072845,yghU,missense_variant,MODERATE
3079331,hybF,upstream_gene_variant,MODIFIER
3088148,yghB,synonymous_variant,LOW
3088253,yghB,synonymous_variant,LOW
3091899,yqhG,synonymous_variant,LOW
3098931,parC,synonymous_variant,LOW
3104029,ygiX,missense_variant,MODERATE
3105821,ygiY,missense_variant,MODERATE
3112821,tolC,missense_variant,MODERATE
3115240,ygiC,synonymous_variant,LOW
3115913,ygiD,missense_variant,MODERATE
3117097,ygiE,missense_variant,MODERATE
3117473,ygiE,missense_variant,MODERATE
3127663,glgS,upstream_gene_variant,MODIFIER
3130508,glnE,synonymous_variant,LOW
3132910,ygiF,missense_variant,MODERATE
3135301,cca,missense_variant,MODERATE
3136451,uppP,missense_variant,MODERATE
3139252,uppP,upstream_gene_variant,MODIFIER
3145072,dnaG,synonymous_variant,LOW
3150088,yqjI,missense_variant,MODERATE
3153250,ygjG,missense_variant,MODERATE
3153751,ygjH,missense_variant,MODERATE
3153996,ygjH,synonymous_variant,LOW
3174372,ygjV,missense_variant,MODERATE
3199162,tdcA,stop_lost&splice_region_variant,HIGH
3206530,garP,missense_variant,MODERATE
3215725,agaA,start_lost,HIGH
3216436,agaA,missense_variant,MODERATE
3240003,mtr,missense_variant,MODERATE
3247026,deaD,upstream_gene_variant,MODIFIER
3259432,folP,synonymous_variant,LOW
3264188,glmM,upstream_gene_variant,MODIFIER
3267036,yhbE,missense_variant,MODERATE
3269750,ispB,synonymous_variant,LOW
3272579,yrbC,missense_variant,MODERATE
3272938,yrbC,synonymous_variant,LOW
3282260,ptsN,missense_variant,MODERATE
3286879,arcB,missense_variant,MODERATE
3288025,arcB,missense_variant,MODERATE
3289930,gltB,missense_variant,MODERATE
3290802,gltB,synonymous_variant,LOW
3297368,yhcH,missense_variant,MODERATE
3298558,nanE,missense_variant,MODERATE
3313854,yhcO,missense_variant,MODERATE
3316561,yhcQ,missense_variant,MODERATE
3317082,yhcR,synonymous_variant,LOW
3322942,yhdP,missense_variant,MODERATE
3333272,mreB,upstream_gene_variant,MODIFIER
3339313,fis,missense_variant,MODERATE
3339654,yhdJ,synonymous_variant,LOW
3344290,acrF,missense_variant,MODERATE
3345160,acrF,missense_variant,MODERATE
3351577,rrfF,upstream_gene_variant,MODIFIER
3360621,smf,missense_variant,MODERATE
3373583,rplF,missense_variant,MODERATE
3379886,rplD,synonymous_variant,LOW
3387944,gspF,missense_variant,MODERATE
3395533,chiA,synonymous_variant,LOW
3401754,rpsG,missense_variant,MODERATE
3402257,rpsL,synonymous_variant,LOW
3410836,yheS,missense_variant,MODERATE
3411327,yheT,missense_variant,MODERATE
3430620,frlC,missense_variant,MODERATE
3431058,frlC,missense_variant,MODERATE
3436387,insB-23,upstream_gene_variant,MODIFIER
3441172,yhfU,upstream_gene_variant,MODIFIER
3442743,gph,missense_variant,MODERATE
3453758,mrcA,missense_variant,MODERATE
3459613,yhgE,missense_variant,MODERATE
3463900,envZ,missense_variant,MODERATE
3465205,ompR,missense_variant,MODERATE
3474014,yhgH,synonymous_variant,LOW
3480466,malP,stop_gained,HIGH
3481820,malT,missense_variant,MODERATE
3483302,malT,missense_variant,MODERATE
3484278,malT,missense_variant,MODERATE
3485103,rtcA,missense_variant,MODERATE
3488669,glpR,missense_variant,MODERATE
3491881,glpD,missense_variant,MODERATE
3499794,glgC,missense_variant,MODERATE
3500884,glgX,synonymous_variant,LOW
3507565,gntU,missense_variant,MODERATE
3516348,ggt,synonymous_variant,LOW
3536603,yhhN,synonymous_variant,LOW
3541351,yhhS,synonymous_variant,LOW
3547183,nikC,missense_variant,MODERATE
3549957,rhsB,synonymous_variant,LOW
3549960,rhsB,synonymous_variant,LOW
3550005,rhsB,synonymous_variant,LOW
3559835,yhiH,missense_variant,MODERATE
3567657,yhiN,missense_variant,MODERATE
3573006,yhiP,synonymous_variant,LOW
3573640,yhiQ,synonymous_variant,LOW
3575602,prlC,missense_variant,MODERATE
3602703,yhjC,synonymous_variant,LOW
3612959,yhjH,upstream_gene_variant,MODIFIER
3613010,yhjH,upstream_gene_variant,MODIFIER
3616490,bcsC,missense_variant,MODERATE
3635762,dppB,missense_variant,MODERATE
3651129,bisC,upstream_gene_variant,MODIFIER
3660304,xylA,missense_variant,MODERATE
3675292,yiaN,synonymous_variant,LOW
3686883,yiaU,missense_variant,MODERATE
3688320,yiaV,missense_variant,MODERATE
3693509,selB,missense_variant,MODERATE
3758443,yicF,missense_variant,MODERATE
3771026,yicH,synonymous_variant,LOW
3790391,ECB_03531,synonymous_variant,LOW
3793199,insI,missense_variant,MODERATE
3800073,nlpA,upstream_gene_variant,MODIFIER
3814755,emrD,synonymous_variant,LOW
3817441,yidJ,missense_variant,MODERATE
3818588,yidK,synonymous_variant,LOW
3819257,yidK,synonymous_variant,LOW
3822371,glvG,synonymous_variant,LOW
3827368,glvG,upstream_gene_variant,MODIFIER
3837268,yidA,synonymous_variant,LOW
3841457,recF,synonymous_variant,LOW
3845230,yidD,synonymous_variant,LOW
3862134,yieC,synonymous_variant,LOW
3864940,bglF,synonymous_variant,LOW
3865084,bglF,synonymous_variant,LOW
3866570,bglG,missense_variant,MODERATE
3867544,phoU,synonymous_variant,LOW
3869813,pstC,missense_variant,MODERATE
3872302,glmS,missense_variant,MODERATE
3874844,glmU,synonymous_variant,LOW
3876298,atpC,missense_variant,MODERATE
3876316,atpC,missense_variant,MODERATE
3881184,atpF,missense_variant,MODERATE
3882675,atpI,synonymous_variant,LOW
3887330,asnC,missense_variant,MODERATE
3887630,asnA,missense_variant,MODERATE
3889768,yieM,missense_variant,MODERATE
3892335,kup,missense_variant,MODERATE
3909807,hdfR,upstream_gene_variant,MODIFIER
3920984,ilvC,missense_variant,MODERATE
3945856,aslB,synonymous_variant,LOW
3947416,aslA,missense_variant,MODERATE
3952766,aslA,upstream_gene_variant,MODIFIER
4004862,ubiD,synonymous_variant,LOW
4046586,yihQ,missense_variant,MODERATE
4048980,yihS,synonymous_variant,LOW
4100183,hslU,missense_variant,MODERATE
4107018,ECB_03822,synonymous_variant,LOW
4134227,argE,missense_variant,MODERATE
4154522,coaA,missense_variant,MODERATE
4163775,rpoB,missense_variant,MODERATE
4164379,rpoB,missense_variant,MODERATE
4165619,rpoC,missense_variant,MODERATE
4180200,yjaH,missense_variant,MODERATE
4196682,aceA,stop_gained,HIGH
4199326,aceK,synonymous_variant,LOW
4201958,iclR,missense_variant,MODERATE
4207843,yjbB,synonymous_variant,LOW
4211840,lysC,missense_variant,MODERATE
4212514,pepE,upstream_gene_variant,MODIFIER
4212600,pepE,upstream_gene_variant,MODIFIER
4216922,yjbH,missense_variant,MODERATE
4221712,malG,missense_variant,MODERATE
4227623,lamB,missense_variant,MODERATE
4234851,plsB,missense_variant,MODERATE
4245184,alr,synonymous_variant,LOW
4248049,qor,upstream_gene_variant,MODIFIER
4250292,uvrA,missense_variant,MODERATE
4265633,acs,synonymous_variant,LOW
4286515,alsK,missense_variant,MODERATE
4342010,yjdC,missense_variant,MODERATE
4347725,fxsA,missense_variant,MODERATE
4347803,fxsA,missense_variant,MODERATE
4356652,ampC,missense_variant,MODERATE
4363338,yjeM,synonymous_variant,LOW
4377265,mutL,missense_variant,MODERATE
4380317,hflK,missense_variant,MODERATE
4380609,hflK,synonymous_variant,LOW
4382294,hflC,synonymous_variant,LOW
4384556,yjeB,missense_variant,MODERATE
4423016,ytfJ,synonymous_variant,LOW
4423593,ytfG,upstream_gene_variant,MODIFIER
4424649,ytfL,synonymous_variant,LOW
4429654,ytfN,missense_variant,MODERATE
4433347,ytfQ,missense_variant,MODERATE
4439519,mpl,missense_variant,MODERATE
4461084,argI,synonymous_variant,LOW
4462040,yjgI,upstream_gene_variant,MODIFIER
4472216,yjgR,missense_variant,MODERATE
4486277,yjhB,missense_variant,MODERATE
4491013,ECB_04148,missense_variant,MODERATE
4498157,fecC,synonymous_variant,LOW
4498856,fecB,missense_variant,MODERATE
4503582,insA-25,synonymous_variant,LOW
4509290,sgcC,synonymous_variant,LOW
4588672,mdoB,missense_variant,MODERATE
4593186,yjjQ,missense_variant,MODERATE
4603391,yjjV,missense_variant,MODERATE
4604220,yjjW,synonymous_variant,LOW
4604577,yjjW,synonymous_variant,LOW
4613668,serB,missense_variant,MODERATE
4616538,nadR,missense_variant,MODERATE
4626487,yjjX,upstream_gene_variant,MODIFIER
4629225,lasT,missense_variant,MODERATE
